﻿pos_x,pos_y,rotation,side,designator,mpn,pack,footprint,value,mount_type
206.25,-100.0,90.0,top,,,,,,tht
93.5,-108.75,0.0,top,,,,,,tht
143.05,-109.31,0.0,top,,,,,,tht
93.5,-95.4125,0.0,top,,,,,,tht
93.5,-105.625,0.0,top,,,,,,tht
193.4128,-96.36,0.0,top,,,,,,tht
143.05,-96.61,0.0,top,,,,,,tht
203.75,-97.5,90.0,top,,,,,,tht
143.05,-104.23,0.0,top,,,,,,tht
143.05,-94.07,0.0,top,,,,,,tht
143.05,-101.69,0.0,top,,,,,,tht
188.3328,-96.36,0.0,top,,,,,,tht
190.8728,-96.36,0.0,top,,,,,,tht
203.75,-112.2374,0.0,top,,,,,,tht
143.05,-116.93,0.0,top,,,,,,tht
93.5,-111.8375,0.0,top,,,,,,tht
143.05,-111.85,0.0,top,,,,,,tht
143.05,-106.77,0.0,top,,,,,,tht
203.737437,-113.499963,0.0,top,,,,,,tht
93.5,-101.1625,0.0,top,,,,,,tht
143.05,-99.15,0.0,top,,,,,,tht
142.05,-114.39,0.0,top,,,,,,tht
93.5,-102.25,180.0,bottom,,,,,,tht
93.5,-104.0625,180.0,bottom,,,,,,tht
93.5,-99.1625,180.0,bottom,,,,,,tht
93.5,-111.575,180.0,bottom,,,,,,tht
93.5,-108.5,180.0,bottom,,,,,,tht
154.695,-112.25,0.0,bottom, ,,,SW_MX_HS_1u,MX_SW_HS,smt
174.7,-98.75,180.0,bottom, ,,,SW_MX_HS_1u,MX_SW_HS,smt
219.9,-105.5,180.0,top,D5,,,LED_RGB_5050_DOTSTAR,select_led,smt
174.7,-112.75,180.0,top,D5,,,LED_RGB_5050_DOTSTAR,strum_up_led,smt
154.7,-98.25,180.0,top,D5,,,LED_RGB_5050_DOTSTAR,strum_down_led,smt
231.55,-105.5,180.0,top,D5,,,LED_RGB_5050_DOTSTAR,start_led,smt
231.77325,-105.5,180.0,bottom,U1,,,KB2040-ProMicroPins,ProMicro,tht
