﻿pos_x,pos_y,rotation,side,designator,mpn,pack,footprint,value,mount_type
131.45,-90.0,0.0,top,,,,,,tht
182.8,-97.62,0.0,top,,,,,,tht
183.8,-87.46,0.0,top,,,,,,tht
183.8,-90.0,0.0,top,,,,,,tht
183.8,-84.92,0.0,top,,,,,,tht
131.45,-92.54,0.0,top,,,,,,tht
131.45,-95.08,0.0,top,,,,,,tht
183.8,-92.54,0.0,top,,,,,,tht
130.45,-97.62,0.0,top,,,,,,tht
131.45,-82.38,0.0,top,,,,,,tht
131.45,-79.84,0.0,top,,,,,,tht
131.45,-84.92,0.0,top,,,,,,tht
131.45,-100.16,0.0,top,,,,,,tht
131.45,-87.46,0.0,top,,,,,,tht
183.8,-82.38,0.0,top,,,,,,tht
183.8,-100.16,0.0,top,,,,,,tht
183.8,-95.08,0.0,top,,,,,,tht
183.8,-79.84,0.0,top,,,,,,tht
73.75,-101.5,0.0,top,D1,,,LED_RGB_5050_DOTSTAR,green_fret_led,smt
73.75,-78.5,0.0,top,D1,,,LED_RGB_5050_DOTSTAR,green_fret_led,smt
97.75,-101.5,0.0,top,D2,,,LED_RGB_5050_DOTSTAR,red_fret_led,smt
97.75,-78.5,0.0,top,D2,,,LED_RGB_5050_DOTSTAR,red_fret_led,smt
121.75,-101.5,0.0,top,D3,,,LED_RGB_5050_DOTSTAR,yellow_fret_led,smt
121.75,-78.5,0.0,top,D3,,,LED_RGB_5050_DOTSTAR,yellow_fret_led,smt
145.75,-101.5,0.0,top,D4,,,LED_RGB_5050_DOTSTAR,blue_fret_led,smt
145.75,-78.5,0.0,top,D4,,,LED_RGB_5050_DOTSTAR,blue_fret_led,smt
169.75,-101.5,0.0,top,D5,,,LED_RGB_5050_DOTSTAR,orange_fret_led,smt
169.75,-78.5,0.0,top,D5,,,LED_RGB_5050_DOTSTAR,orange_fret_led,smt
