﻿pos_x,pos_y,rotation,side,designator,mpn,pack,footprint,value,mount_type
131.45,-88.73,0.0,top,,,,,,tht
131.45,-93.81,0.0,top,,,,,,tht
131.45,-96.35,0.0,top,,,,,,tht
130.45,-98.89,0.0,top,,,,,,tht
131.45,-81.11,0.0,top,,,,,,tht
180.0,-93.25,0.0,top,,,,,,tht
131.45,-78.57,0.0,top,,,,,,tht
131.45,-91.27,0.0,top,,,,,,tht
180.0,-85.6625,0.0,top,,,,,,tht
131.45,-83.65,0.0,top,,,,,,tht
131.45,-101.43,0.0,top,,,,,,tht
131.45,-86.19,0.0,top,,,,,,tht
180.0,-90.125,0.0,top,,,,,,tht
180.0,-96.3375,0.0,top,,,,,,tht
180.0,-79.9125,0.0,top,,,,,,tht
180.0,-93.0,180.0,bottom,,,,,,tht
180.0,-88.5625,180.0,bottom,,,,,,tht
180.0,-86.75,180.0,bottom,,,,,,tht
180.0,-96.075,180.0,bottom,,,,,,tht
180.0,-83.6625,180.0,bottom,,,,,,tht
73.75,-101.5,0.0,top,D1,,,LED_RGB_5050_DOTSTAR,green_fret_led,smt
73.75,-78.5,0.0,top,D1,,,LED_RGB_5050_DOTSTAR,green_fret_led,smt
97.75,-101.5,0.0,top,D2,,,LED_RGB_5050_DOTSTAR,red_fret_led,smt
97.75,-78.5,0.0,top,D2,,,LED_RGB_5050_DOTSTAR,red_fret_led,smt
121.75,-101.5,0.0,top,D3,,,LED_RGB_5050_DOTSTAR,yellow_fret_led,smt
121.75,-78.5,0.0,top,D3,,,LED_RGB_5050_DOTSTAR,yellow_fret_led,smt
145.75,-101.5,0.0,top,D4,,,LED_RGB_5050_DOTSTAR,blue_fret_led,smt
145.75,-78.5,0.0,top,D4,,,LED_RGB_5050_DOTSTAR,blue_fret_led,smt
169.75,-101.5,0.0,top,D5,,,LED_RGB_5050_DOTSTAR,orange_fret_led,smt
169.75,-78.5,0.0,top,D5,,,LED_RGB_5050_DOTSTAR,orange_fret_led,smt
