﻿pos_x,pos_y,rotation,side,designator,mpn,pack,footprint,value,mount_type
183.8,-95.08,0.0,top,,,,,,tht
183.8,-79.84,0.0,top,,,,,,tht
109.0,-93.81,0.0,top,,,,,,tht
109.0,-86.19,0.0,top,,,,,,tht
183.8,-84.92,0.0,top,,,,,,tht
108.0,-91.27,0.0,top,,,,,,tht
133.18685,-87.46,0.0,top,,,,,,tht
133.18685,-92.54,0.0,top,,,,,,tht
133.18685,-95.08,0.0,top,,,,,,tht
183.8,-82.38,0.0,top,,,,,,tht
183.8,-92.54,0.0,top,,,,,,tht
183.8,-87.46,0.0,top,,,,,,tht
133.18685,-84.92,0.0,top,,,,,,tht
183.8,-90.0,0.0,top,,,,,,tht
109.0,-88.73,0.0,top,,,,,,tht
183.8,-100.16,0.0,top,,,,,,tht
182.8,-97.62,0.0,top,,,,,,tht
133.18685,-90.0,0.0,top,,,,,,tht
74.0,-80.5,0.0,top,D1,,,LED_RGB_5050_DOTSTAR,green_fret_led,smt
74.0,-99.5,0.0,top,D1,,,LED_RGB_5050_DOTSTAR,green_fret_led,smt
98.0,-99.5,0.0,top,D2,,,LED_RGB_5050_DOTSTAR,red_fret_led,smt
98.0,-80.5,0.0,top,D2,,,LED_RGB_5050_DOTSTAR,red_fret_led,smt
122.0,-99.5,0.0,top,D3,,,LED_RGB_5050_DOTSTAR,yellow_fret_led,smt
122.0,-80.5,0.0,top,D3,,,LED_RGB_5050_DOTSTAR,yellow_fret_led,smt
146.0,-99.5,0.0,top,D4,,,LED_RGB_5050_DOTSTAR,blue_fret_led,smt
146.0,-80.5,0.0,top,D4,,,LED_RGB_5050_DOTSTAR,blue_fret_led,smt
170.0,-80.5,0.0,top,D5,,,LED_RGB_5050_DOTSTAR,orange_fret_led,smt
170.0,-99.5,0.0,top,D5,,,LED_RGB_5050_DOTSTAR,orange_fret_led,smt
122.0,-90.0,0.0,bottom,SW5,,,SW_MX_HS_1u,MX_SW_HS,smt
74.0,-90.0,0.0,bottom,SW5,,,SW_MX_HS_1u,MX_SW_HS,smt
98.0,-90.0,0.0,bottom,SW5,,,SW_MX_HS_1u,MX_SW_HS,smt
170.0,-90.0,0.0,bottom,SW5,,,SW_MX_HS_1u,MX_SW_HS,smt
146.0,-90.0,0.0,bottom,SW5,,,SW_MX_HS_1u,MX_SW_HS,smt
