﻿Designator,Quantity,Value,Footprint,Package,MPN,DNP,Mount_Type,Description
", , , , , , , , , , , , , , , , , ",18,,,,,,tht,
"D1, D1",2,green_fret_led,LED_RGB_5050_DOTSTAR,,,,smt,RGB LED with integrated controller
"D2, D2",2,red_fret_led,LED_RGB_5050_DOTSTAR,,,,smt,RGB LED with integrated controller
"D3, D3",2,yellow_fret_led,LED_RGB_5050_DOTSTAR,,,,smt,RGB LED with integrated controller
"D4, D4",2,blue_fret_led,LED_RGB_5050_DOTSTAR,,,,smt,RGB LED with integrated controller
"D5, D5",2,orange_fret_led,LED_RGB_5050_DOTSTAR,,,,smt,RGB LED with integrated controller
"SW5, SW5, SW5, SW5, SW5",5,MX_SW_HS,SW_MX_HS_1u,,,,smt,"Push button switch, normally open, two pins, 45° tilted"
