﻿Designator,Quantity,Value,Footprint,Package,MPN,DNP,Mount_Type,Description
", , , , , , , , , , , , , , , , , , , , ",21,,,,,,tht,
" ,  ",2,MX_SW_HS,SW_MX_HS_1u,,,,smt,
D5,1,select_led,LED_RGB_5050_DOTSTAR,,,,smt,RGB LED with integrated controller
D5,1,strum_up_led,LED_RGB_5050_DOTSTAR,,,,smt,RGB LED with integrated controller
D5,1,strum_down_led,LED_RGB_5050_DOTSTAR,,,,smt,RGB LED with integrated controller
D5,1,start_led,LED_RGB_5050_DOTSTAR,,,,smt,RGB LED with integrated controller
