﻿pos_x,pos_y,rotation,side,designator,mpn,pack,footprint,value,mount_type
179.6,-90.1,0.0,top,,,,,,tht
109.0,-95.08,0.0,top,,,,,,tht
109.0,-87.46,0.0,top,,,,,,tht
108.0,-92.54,0.0,top,,,,,,tht
179.6,-96.3125,0.0,top,,,,,,tht
133.18685,-87.46,0.0,top,,,,,,tht
133.18685,-92.54,0.0,top,,,,,,tht
179.6,-85.6375,0.0,top,,,,,,tht
133.18685,-95.08,0.0,top,,,,,,tht
109.0,-84.92,0.0,top,,,,,,tht
133.18685,-84.92,0.0,top,,,,,,tht
179.6,-79.8875,0.0,top,,,,,,tht
109.0,-90.0,0.0,top,,,,,,tht
133.18685,-90.0,0.0,top,,,,,,tht
179.6,-93.225,0.0,top,,,,,,tht
179.6,-86.725,180.0,bottom,,,,,,tht
179.6,-88.5375,180.0,bottom,,,,,,tht
179.6,-83.6375,180.0,bottom,,,,,,tht
179.6,-96.05,180.0,bottom,,,,,,tht
179.6,-92.975,180.0,bottom,,,,,,tht
74.0,-80.5,0.0,top,D1,,,LED_RGB_5050_DOTSTAR,green_fret_led,smt
74.0,-99.5,0.0,top,D1,,,LED_RGB_5050_DOTSTAR,green_fret_led,smt
98.0,-99.5,0.0,top,D2,,,LED_RGB_5050_DOTSTAR,red_fret_led,smt
98.0,-80.5,0.0,top,D2,,,LED_RGB_5050_DOTSTAR,red_fret_led,smt
122.0,-99.5,0.0,top,D3,,,LED_RGB_5050_DOTSTAR,yellow_fret_led,smt
122.0,-80.5,0.0,top,D3,,,LED_RGB_5050_DOTSTAR,yellow_fret_led,smt
146.0,-99.5,0.0,top,D4,,,LED_RGB_5050_DOTSTAR,blue_fret_led,smt
146.0,-80.5,0.0,top,D4,,,LED_RGB_5050_DOTSTAR,blue_fret_led,smt
170.0,-80.5,0.0,top,D5,,,LED_RGB_5050_DOTSTAR,orange_fret_led,smt
170.0,-99.5,0.0,top,D5,,,LED_RGB_5050_DOTSTAR,orange_fret_led,smt
122.0,-90.0,0.0,bottom,SW5,,,SW_MX_HS_1u,MX_SW_HS,smt
74.0,-90.0,0.0,bottom,SW5,,,SW_MX_HS_1u,MX_SW_HS,smt
98.0,-90.0,0.0,bottom,SW5,,,SW_MX_HS_1u,MX_SW_HS,smt
170.0,-90.0,0.0,bottom,SW5,,,SW_MX_HS_1u,MX_SW_HS,smt
146.0,-90.0,0.0,bottom,SW5,,,SW_MX_HS_1u,MX_SW_HS,smt
