﻿pos_x,pos_y,rotation,side,designator,mpn,pack,footprint,value,mount_type
146.05,-95.34,0.0,top,,,,,,tht
146.05,-97.88,0.0,top,,,,,,tht
174.185,-93.2167,0.0,top,,,,,,tht
157.0,-105.5,90.0,top,,,,,,tht
176.725,-93.2167,0.0,top,,,,,,tht
146.05,-105.5,0.0,top,,,,,,tht
146.05,-115.66,0.0,top,,,,,,tht
146.05,-102.96,0.0,top,,,,,,tht
145.05,-114.39,0.0,top,,,,,,tht
146.05,-110.58,0.0,top,,,,,,tht
146.05,-108.04,0.0,top,,,,,,tht
154.5,-103.0,90.0,top,,,,,,tht
179.265,-93.2167,0.0,top,,,,,,tht
146.05,-100.42,0.0,top,,,,,,tht
168.2475,-112.25,0.0,bottom, ,,,SW_MX_HS_1u,MX_SW_HS,smt
188.2525,-98.75,180.0,bottom, ,,,SW_MX_HS_1u,MX_SW_HS,smt
227.75,-112.45,-90.0,top,D5,,,LED_RGB_5050_DOTSTAR,select_led,smt
188.2525,-112.75,180.0,top,D5,,,LED_RGB_5050_DOTSTAR,strum_up_led,smt
168.2525,-98.25,180.0,top,D5,,,LED_RGB_5050_DOTSTAR,strum_down_led,smt
227.75,-98.55,-90.0,top,D5,,,LED_RGB_5050_DOTSTAR,start_led,smt
231.77325,-105.5,180.0,bottom,U1,,,KB2040-ProMicroPins,ProMicro,tht
